Area,Rooms,Age,Distance,Price
85,2,10,8.5,185
110,3,5,6.2,260
70,2,20,12.0,145
140,4,3,4.5,360
95,3,15,9.0,210
120,3,8,5.5,290
60,2,25,14.0,125
160,4,2,3.8,430
100,3,,7.5,235
130,4,7,5.0,330
75,2,18,11.0,155
105,3,12,,245
145,4,4,4.0,375
90,2,22,10.5,175
115,3,9,6.8,275
155,4,1,3.5,420
80,2,16,9.5,165
125,3,6,5.8,305
100,3,11,7.2,225
135,4,5,4.8,345
65,2,30,15.0,115
150,4,3,4.2,395
108,,8,6.5,255
92,3,14,8.8,205
118,3,10,6.0,270
138,4,6,5.2,350
72,2,21,12.5,150
128,3,7,5.7,315
98,3,13,8.0,220
165,5,1,3.0,450
88,2,19,10.0,180
112,3,9,6.5,265
142,4,4,4.3,370
78,2,24,13.0,140
122,3,7,5.9,295
150,4,2,4.0,410
68,2,27,14.5,120
132,4,5,5.0,340
102,3,12,7.0,230
175,5,2,2.8,480
95,3,16,9.2,200
116,3,8,6.3,280
145,4,3,4.6,365
82,2,20,11.5,160
126,3,6,5.5,310
138,4,7,4.9,335
105,3,10,7.8,240
155,4,2,3.7,425
90,2,23,12.0,170
185,5,1,2.5,900