Age,Income,Visits,CreditScore,Debt,Purchased
22,35,10,720,20,1
45,80,3,610,60,0
31,55,8,750,25,1
52,120,2,580,75,0
28,42,11,790,15,1
39,65,,680,35,1
57,110,2,540,80,0
24,30,13,810,,1
48,95,4,620,65,0
35,60,9,,30,1
41,75,5,650,50,0
26,,12,770,18,1
53,105,3,590,70,0
29,50,10,740,22,1
46,85,,630,55,0
33,58,8,700,32,1
61,140,1,510,90,0
21,28,14,820,8,1
37,68,7,690,,1
50,100,3,600,72,0
27,45,11,760,20,1
43,78,5,640,58,0
32,52,9,715,27,1
56,115,2,560,82,0
25,40,12,800,12,1
38,70,6,,45,1
49,92,3,605,68,0
30,48,,745,25,1
54,108,2,550,77,0
34,62,8,720,34,1